{
    "camera_matrix": [
        [
            1482.6846046316466,
            0.0,
            572.925891649167
        ],
        [
            0.0,
            1509.9123867754006,
            357.03455653021035
        ],
        [
            0.0,
            0.0,
            1.0
        ]
    ],
    "distortion_coefficients": [
        [
            0.24751005478717603,
            -4.035578851480749,
            0.005563473194932696,
            -0.07230793612493217,
            15.373820746406476
        ]
    ],
    "rotation_vect": [
        [
            [
                0.3996899524052975
            ],
            [
                -0.29182915437246626
            ],
            [
                -0.09625676088817636
            ]
        ],
        [
            [
                -0.04943359505516413
            ],
            [
                -0.39946321098000387
            ],
            [
                -0.265990588666584
            ]
        ],
        [
            [
                -0.13187711836562221
            ],
            [
                -0.5039030964377603
            ],
            [
                -0.4238271393335287
            ]
        ],
        [
            [
                0.20887040477513003
            ],
            [
                -0.4588902844233543
            ],
            [
                0.3032356590302685
            ]
        ],
        [
            [
                -0.5512277302311744
            ],
            [
                -0.39816533604416243
            ],
            [
                -0.12381613115455062
            ]
        ],
        [
            [
                -0.39295122992203524
            ],
            [
                -0.5267057500534821
            ],
            [
                -0.9520101905139184
            ]
        ],
        [
            [
                -0.6491705963140852
            ],
            [
                -0.4116216333381687
            ],
            [
                -0.2879514187305977
            ]
        ],
        [
            [
                -0.13115356461307048
            ],
            [
                -0.5188132337779381
            ],
            [
                -0.39707546587325676
            ]
        ],
        [
            [
                -0.07868354145555576
            ],
            [
                -0.5806994291246529
            ],
            [
                -0.4279665616301541
            ]
        ],
        [
            [
                -0.43694990433852543
            ],
            [
                -0.5537037814018931
            ],
            [
                -0.9241705014684787
            ]
        ],
        [
            [
                -0.4430856996446004
            ],
            [
                -0.4907336516497123
            ],
            [
                -0.8947421752509642
            ]
        ],
        [
            [
                -0.3555368535114197
            ],
            [
                -0.4646536934618762
            ],
            [
                -0.8173471480264569
            ]
        ],
        [
            [
                -0.1344583661512544
            ],
            [
                -0.28868012447334285
            ],
            [
                -0.07562763754208005
            ]
        ],
        [
            [
                0.2356487671035956
            ],
            [
                -0.006356215614469891
            ],
            [
                -0.09672088413220176
            ]
        ],
        [
            [
                0.10187083156608208
            ],
            [
                -0.067688678814818
            ],
            [
                -0.06671890302391342
            ]
        ],
        [
            [
                0.2879804566510409
            ],
            [
                -0.03681000432827314
            ],
            [
                -0.05366851925312053
            ]
        ],
        [
            [
                0.41251010872030025
            ],
            [
                -0.18588415782620207
            ],
            [
                -0.12369069217174035
            ]
        ],
        [
            [
                -0.5462522096925867
            ],
            [
                -0.41419270004334857
            ],
            [
                -0.20850848756420368
            ]
        ],
        [
            [
                0.44637376202174056
            ],
            [
                -0.2626072570729689
            ],
            [
                -0.05561211076638261
            ]
        ],
        [
            [
                0.09174539649631988
            ],
            [
                -0.5026245876437984
            ],
            [
                0.4588014942910876
            ]
        ],
        [
            [
                0.06565636808735505
            ],
            [
                -0.36108953448699316
            ],
            [
                -0.13953808452616961
            ]
        ],
        [
            [
                0.1718926447434703
            ],
            [
                -0.3655363714010252
            ],
            [
                0.6590041014450987
            ]
        ],
        [
            [
                -0.3843547824864511
            ],
            [
                -0.4107788252116038
            ],
            [
                -0.04829220563018706
            ]
        ],
        [
            [
                -0.2065627910174888
            ],
            [
                -0.48544211273906124
            ],
            [
                -0.5414859765903834
            ]
        ],
        [
            [
                0.44182087308193724
            ],
            [
                -0.3537844839768121
            ],
            [
                -0.043119051314973796
            ]
        ],
        [
            [
                0.27176466228766594
            ],
            [
                -0.40853492460007723
            ],
            [
                0.7809243018703493
            ]
        ],
        [
            [
                -0.615415348108576
            ],
            [
                -0.4046588429272907
            ],
            [
                -0.23790517400116354
            ]
        ],
        [
            [
                0.13372268570720447
            ],
            [
                -0.4231448046105673
            ],
            [
                0.10334816010132816
            ]
        ],
        [
            [
                -0.3260660404593155
            ],
            [
                0.3093876370120425
            ],
            [
                -0.0032974028972915007
            ]
        ],
        [
            [
                -0.40193580941928736
            ],
            [
                -0.2966458117802874
            ],
            [
                0.05781571569711632
            ]
        ]
    ],